project-name,version,name,wmc,dit,noc,cbo,rfc,lcom,ca,ce,npm,lcom3,loc,dam,moa,mfa,cam,ic,cbm,amc,max_cc,avg_cc,fi-changes,ostrand,scattering,intensity,ana,acm,arl,acpd,bug,is-buggy,is-buggy-boolean
lucene,2.4,org.apache.lucene.index.IndexWriter,166,1,0,44,392,6747,16,34,88,0.886537506,8474,0.737704918,12,0,0.07003367,0,0,49.68072289,7,1.3795,59,2.0,11.0,9.5,1.0,6.0,1.0,7.48,30,1,TRUE
lucene,2.4,org.apache.lucene.index.SegmentReader,64,3,1,39,183,1464,13,33,28,0.903737839,2234,0.580645161,13,0.605095541,0.139194139,2,15,33.421875,30,1.6719,70,1.0,8.0,10,1.0,3.0,4.0,2.53,23,1,TRUE
lucene,2.4,org.apache.lucene.index.IndexReader,76,1,4,128,131,2812,104,25,62,0.946666667,722,0.571428571,1,0,0.100833333,0,0,8.407894737,12,1.1579,14,3.0,35.0,10,1.0,8.0,3.0,1.65,17,1,TRUE
lucene,2.4,org.apache.lucene.search.IndexSearcher,15,2,0,24,41,0,4,20,14,0.357142857,205,0.5,1,0.676470588,0.18974359,1,3,12.53333333,1,0.7333,67,4.0,60.0,0,2.0,6.0,3.0,1.04,12,1,TRUE
lucene,2.4,org.apache.lucene.index.SegmentInfos,38,4,0,30,97,553,22,10,28,0.93799682,729,0.411764706,1,0.686956522,0.162162162,1,2,17.73684211,6,1.2895,35,2.0,32.0,7.5,3.0,8.0,2.0,6.93,11,1,TRUE
lucene,2.4,org.apache.lucene.search.BooleanQuery,27,2,0,20,64,167,13,11,22,0.761538462,446,1,0,0.333333333,0.102564103,2,6,15.33333333,12,1.5926,21,2.0,14.0,9.1,2.0,6.0,4.0,4.26,10,1,TRUE
lucene,2.4,org.apache.lucene.index.DirectoryIndexReader,25,2,2,20,82,160,5,18,8,0.881944444,596,0.833333333,5,0.768421053,0.197916667,2,8,22.36,3,1.08,3,4.0,53.0,5.5,1.0,4.0,1.0,5.64,10,1,TRUE
lucene,2.4,org.apache.lucene.index.DocumentsWriter,76,1,0,53,185,1998,18,46,0,0.941202186,2835,0.409836066,12,0,0.069866667,0,0,35.5,23,2.0132,68,2.0,18.0,10,1.0,8.0,3.0,4.1,9,1,TRUE
lucene,2.4,org.apache.lucene.store.FSDirectory,29,2,2,18,97,114,8,10,24,0.846428571,1037,0.8,0,0.413043478,0.267857143,1,8,34.4137931,3,1.0345,72,4.0,53.0,9.1,1.0,7.0,2.0,3.56,9,1,TRUE
lucene,2.4,org.apache.lucene.index.CheckIndex,13,1,0,15,96,60,0,15,8,0.763888889,1498,0.5,1,0,0.1875,0,0,113.7692308,3,1.0769,66,3.0,67.0,8.6,1.0,2.0,4.0,2.74,7,1,TRUE
lucene,2.4,org.apache.lucene.analysis.TokenStream,7,1,2,28,17,19,26,2,5,0.833333333,72,0,0,0,0.388888889,0,0,9,1,0.7143,9,3.0,31.0,7.5,1.0,6.0,3.0,4.76,7,1,TRUE
lucene,2.4,org.apache.lucene.search.FilteredQuery,9,2,0,10,26,0,3,8,8,0.3125,143,0,2,0.6,0.222222222,2,4,14.66666667,5,1.3333,68,1.0,17.0,8.1,1.0,6.0,2.0,2.7,7,1,TRUE
lucene,2.4,org.apache.lucene.index.MultiSegmentReader,37,3,1,22,95,0,4,20,21,0.71031746,1118,1,1,0.730769231,0.126689189,2,11,29.02702703,6,1.2973,76,1.0,69.0,9.1,1.0,5.0,5.0,7.3,7,1,TRUE
lucene,2.4,org.apache.lucene.search.SortField,15,1,0,9,22,0,8,1,14,0.900793651,286,0.222222222,3,0,0.380952381,0,0,16.86666667,7,0.8,6,4.0,58.0,7.5,3.0,9.0,1.0,7.17,7,1,TRUE
lucene,2.4,org.apache.lucene.index.FieldInfos,23,1,0,31,57,203,25,6,18,0.934343434,565,0.222222222,0,0,0.22173913,0,0,23.17391304,3,1.4783,24,2.0,26.0,9.1,3.0,2.0,2.0,3.19,6,1,TRUE
lucene,2.4,org.apache.lucene.search.BooleanScorer2,21,3,0,16,56,104,5,15,10,0.65625,500,1,3,0.32,0.2375,1,3,22.42857143,5,1.0952,16,3.0,50.0,9.1,2.0,1.0,2.0,5.09,6,1,TRUE
lucene,2.4,org.apache.lucene.search.function.CustomScoreQuery,20,2,0,9,46,102,2,8,16,0.578947368,454,1,2,0.413793103,0.128125,2,4,21.55,7,1.8,100,3.0,68.0,10,3.0,7.0,2.0,7.04,6,1,TRUE
lucene,2.4,org.apache.lucene.search.FieldCache,13,1,0,17,14,78,11,8,12,1.041666667,20,0,1,0,0.427083333,0,0,0.384615385,1,0.9231,55,1.0,35.0,0,1.0,6.0,3.0,5.28,6,1,TRUE
lucene,2.4,org.apache.lucene.search.MatchAllDocsQuery,6,2,0,7,14,15,3,5,5,2,57,0,0,0.705882353,0.333333333,2,3,8.5,3,1.1667,93,4.0,15.0,0,3.0,2.0,4.0,5.39,6,1,TRUE
lucene,2.4,org.apache.lucene.search.function.ValueSourceQuery,7,2,1,11,20,9,5,7,6,0.5,74,0,1,0.666666667,0.265306122,2,3,9.428571429,4,1.2857,67,4.0,51.0,0,2.0,2.0,4.0,6.46,6,1,TRUE
lucene,2.4,org.apache.lucene.search.ConstantScoreQuery,8,2,0,8,19,8,3,6,7,0.428571429,93,1,1,0.631578947,0.25,2,3,10.5,5,1.5,77,1.0,8.0,0,3.0,6.0,3.0,2.77,6,1,TRUE
lucene,2.4,org.apache.lucene.index.ParallelReader,35,2,0,16,103,317,3,16,28,0.81372549,865,0.888888889,0,0.688679245,0.152380952,1,10,23.45714286,3,1.0571,89,4.0,14.0,6.1,1.0,7.0,4.0,4.6,5,1,TRUE
lucene,2.4,org.apache.lucene.search.Query,13,1,15,54,39,72,51,7,12,0.833333333,249,1,0,0,0.230769231,0,0,18.07692308,9,1.8462,43,1.0,45.0,0,3.0,8.0,1.0,3.02,5,1,TRUE
lucene,2.4,org.apache.lucene.index.IndexFileDeleter,20,1,0,12,77,64,3,10,5,0.71291866,1021,0.818181818,3,0,0.205263158,0,0,49.5,2,1,92,1.0,41.0,0,1.0,1.0,5.0,1.03,5,1,TRUE
lucene,2.4,org.apache.lucene.search.Searchable,11,1,0,18,11,55,6,12,11,2,11,0,0,0,0.263636364,0,0,0,1,1,54,4.0,21.0,0,2.0,1.0,5.0,4.0,5,1,TRUE
lucene,2.4,org.apache.lucene.document.DateTools,8,1,0,2,27,18,1,1,6,0.428571429,567,1,0,0,0.314285714,0,0,68.875,8,2.5,53,3.0,49.0,0,1.0,6.0,4.0,4.87,5,1,TRUE
lucene,2.4,org.apache.lucene.search.Scorer,6,2,17,40,10,13,36,4,4,0.8,44,1,1,0.375,0.458333333,0,0,6.166666667,1,0.8333,42,3.0,50.0,0,2.0,8.0,5.0,3.39,5,1,TRUE
lucene,2.4,org.apache.lucene.analysis.KeywordTokenizer,6,3,0,3,18,7,1,2,4,0.85,112,0.5,0,0.7,0.4,1,2,17,1,0.5,51,4.0,11.0,0,3.0,1.0,5.0,2.67,5,1,TRUE
lucene,2.4,org.apache.lucene.search.ParallelMultiSearcher,6,3,0,16,33,3,1,16,6,0.4,297,1,1,0.88372093,0.351851852,2,3,48.16666667,1,0.8333,31,1.0,66.0,7.5,1.0,6.0,5.0,5.49,5,1,TRUE
lucene,2.4,org.apache.lucene.store.NIOFSDirectory,3,3,0,3,11,3,1,3,2,1.5,30,0,0,0.958333333,0.555555556,1,1,8.666666667,1,0.6667,85,2.0,20.0,0,2.0,1.0,2.0,7.71,5,1,TRUE
lucene,2.4,org.apache.lucene.store.MMapDirectory,3,3,0,5,11,3,0,5,3,1,55,1,0,0.958333333,0.666666667,1,2,17,1,0.6667,4,1.0,34.0,0,3.0,4.0,1.0,6.4,5,1,TRUE
lucene,2.4,org.apache.lucene.search.MultiTermQuery,7,2,2,10,27,1,2,8,6,0.333333333,136,1,1,0.666666667,0.342857143,2,3,18.28571429,5,1.5714,57,4.0,34.0,0,3.0,4.0,5.0,5.75,5,1,TRUE
lucene,2.4,org.apache.lucene.search.DocIdSet,2,1,3,16,3,1,15,1,2,2,5,0,0,0,1,0,0,1.5,1,0.5,77,1.0,59.0,0,2.0,5.0,1.0,2.03,5,1,TRUE
lucene,2.4,org.apache.lucene.document.Field,17,2,0,8,28,0,2,6,17,2,482,0,0,0.709677419,0.307189542,1,6,27.35294118,4,0.8824,72,1.0,16.0,0,3.0,8.0,4.0,3.18,5,1,TRUE
lucene,2.4,org.apache.lucene.search.spans.SpanOrQuery,12,3,0,10,43,0,4,7,11,0.454545455,292,1,0,0.607142857,0.226190476,2,2,23.16666667,7,1.6667,74,3.0,63.0,0,1.0,1.0,3.0,6.55,5,1,TRUE
lucene,2.4,org.apache.lucene.search.QueryWrapperFilter,6,2,0,10,20,0,3,9,6,0,84,1,1,0.285714286,0.416666667,2,2,12.83333333,2,1,8,3.0,48.0,0,3.0,8.0,1.0,1.99,5,1,TRUE
lucene,2.4,org.apache.lucene.index.MultiReader,33,2,0,16,69,0,0,16,24,0.7109375,801,1,1,0.701923077,0.170798898,1,9,23.03030303,4,1.1212,63,3.0,21.0,0,3.0,5.0,2.0,7.83,5,1,TRUE
lucene,2.4,org.apache.lucene.search.spans.SpanNearQuery,13,3,0,10,48,0,3,9,13,0.583333333,359,1,0,0.586206897,0.211538462,2,2,26.30769231,7,1.6923,82,2.0,29.0,0,2.0,3.0,1.0,7.68,5,1,TRUE
lucene,2.4,org.apache.lucene.search.MultiSearcher,16,2,1,22,53,0,2,21,14,0.466666667,577,1,1,0.605263158,0.23125,1,5,34.875,6,1.25,37,3.0,23.0,0,2.0,7.0,3.0,7.5,5,1,TRUE
lucene,2.4,org.apache.lucene.search.DisjunctionMaxQuery,14,2,0,7,38,0,2,6,11,0.384615385,318,1,0,0.5,0.171428571,2,5,21.57142857,6,1.5714,61,1.0,42.0,0,3.0,2.0,2.0,2.55,5,1,TRUE
lucene,2.4,org.apache.lucene.search.PhraseQuery,15,2,0,10,43,0,4,7,11,0.614285714,382,1,0,0.461538462,0.191666667,2,3,24.13333333,9,2.1333,100,2.0,48.0,0,1.0,2.0,4.0,5.75,5,1,TRUE
lucene,2.4,org.apache.lucene.search.CachingWrapperFilter,6,2,1,4,18,0,1,3,6,0.4,162,1,1,0.285714286,0.416666667,2,2,25.66666667,2,1,49,4.0,28.0,0,1.0,5.0,3.0,5.5,5,1,TRUE
lucene,2.4,org.apache.lucene.index.FieldsReader,25,1,0,19,77,170,3,17,0,0.810897436,1041,0.846153846,5,0,0.208333333,0,0,40.12,5,1.2,64,2.0,8.0,8.1,1.0,9.0,3.0,3.22,4,1,TRUE
lucene,2.4,org.apache.lucene.search.Similarity,17,1,2,53,26,124,51,4,16,0.875,94,1,1,0,0.18125,0,0,4.411764706,1,0.8824,23,4.0,46.0,6.3,1.0,8.0,4.0,2.4,4,1,TRUE
lucene,2.4,org.apache.lucene.index.LogMergePolicy,21,2,2,10,47,108,3,8,15,0.920833333,817,0.333333333,1,0.24,0.26875,0,0,37.33333333,2,1,25,4.0,42.0,8.5,3.0,5.0,5.0,5.35,4,1,TRUE
lucene,2.4,org.apache.lucene.search.FieldCacheImpl,14,1,1,23,29,67,10,22,12,0.897435897,199,0.333333333,12,0,0.403846154,0,0,12.35714286,1,0.8571,14,3.0,51.0,0,1.0,7.0,5.0,4.76,4,1,TRUE
lucene,2.4,org.apache.lucene.analysis.Token,51,1,0,25,77,43,23,2,45,0.655384615,1122,0.230769231,1,0,0.285714286,1,1,20.74509804,12,1.7255,64,3.0,26.0,0,3.0,3.0,5.0,7.71,4,1,TRUE
lucene,2.4,org.apache.lucene.index.SegmentMerger,23,1,0,31,128,39,4,30,0,0.812937063,1901,0.884615385,10,0,0.169421488,0,0,80.52173913,6,1.087,18,3.0,15.0,0,3.0,4.0,4.0,7.9,4,1,TRUE
lucene,2.4,org.apache.lucene.search.spans.NearSpansOrdered,17,1,0,7,53,38,3,6,9,0.767857143,725,0.857142857,3,0,0.197916667,0,0,40.82352941,6,1.5294,3,2.0,63.0,0,2.0,4.0,3.0,5.71,4,1,TRUE
lucene,2.4,org.apache.lucene.search.BooleanScorer,12,3,0,8,29,26,1,7,7,0.609090909,461,1,3,0.444444444,0.305555556,1,3,36.58333333,2,1.0833,95,1.0,43.0,0,1.0,4.0,3.0,7.72,4,1,TRUE
lucene,2.4,org.apache.lucene.analysis.CharTokenizer,7,3,2,4,21,13,2,2,3,0.875,185,0.75,0,0.583333333,0.366666667,1,2,24.28571429,1,0.7143,9,4.0,41.0,0,1.0,6.0,4.0,6.93,4,1,TRUE
lucene,2.4,org.apache.lucene.search.MultiPhraseQuery,17,2,0,13,48,12,4,10,13,0.625,413,1,0,0.428571429,0.158823529,2,4,23.05882353,7,2.0588,87,1.0,70.0,0,2.0,6.0,1.0,5.09,4,1,TRUE
lucene,2.4,org.apache.lucene.analysis.standard.StandardTokenizer,12,3,0,5,32,10,3,3,9,0.977272727,245,0.1875,1,0.4375,0.287878788,2,3,18.08333333,1,0.75,93,1.0,39.0,0,3.0,8.0,1.0,3.25,4,1,TRUE
lucene,2.4,org.apache.lucene.analysis.Analyzer,6,1,6,15,10,9,14,1,4,0.6,31,1,0,0,0.5,0,0,4,1,0.8333,77,3.0,69.0,0,1.0,4.0,4.0,4.7,4,1,TRUE
lucene,2.4,org.apache.lucene.util.Constants,2,1,0,1,5,1,1,0,0,1,44,0,0,0,1,0,0,17,0,0,21,2.0,60.0,8.5,2.0,1.0,5.0,2.22,4,1,TRUE
lucene,2.4,org.apache.lucene.search.TermQuery,8,2,0,16,22,0,11,6,6,0.142857143,100,1,1,0.631578947,0.232142857,2,2,11.375,4,1.375,49,2.0,44.0,0,1.0,3.0,4.0,7.09,4,1,TRUE
lucene,2.4,org.apache.lucene.search.spans.SpanWeight,7,1,1,13,46,0,2,12,7,0.69047619,357,1,2,0,0.30952381,0,0,49,1,0.8571,69,4.0,5.0,0,1.0,8.0,5.0,5.15,4,1,TRUE
lucene,2.4,org.apache.lucene.search.RangeQuery,12,2,0,9,39,0,1,8,11,0.454545455,480,1,2,0.545454545,0.229166667,2,2,38.66666667,13,2.6667,90,2.0,55.0,0,2.0,6.0,1.0,4.93,4,1,TRUE
lucene,2.4,org.apache.lucene.analysis.Tokenizer,4,2,4,10,6,0,9,1,2,0.333333333,22,1,0,0.714285714,0.75,0,0,4.25,1,0.5,97,4.0,55.0,0,2.0,2.0,5.0,1.55,4,1,TRUE
lucene,2.4,org.apache.lucene.search.spans.SpanNotQuery,14,3,0,7,32,0,1,7,12,0.423076923,224,1,2,0.566666667,0.214285714,2,2,14.85714286,6,1.2857,91,3.0,14.0,0,3.0,5.0,3.0,5.62,4,1,TRUE
lucene,2.4,org.apache.lucene.search.TermScorer,9,3,0,10,31,0,1,9,7,0.545454545,409,1,2,0.5,0.285714286,1,3,43.22222222,2,1,86,4.0,53.0,0,2.0,3.0,3.0,3.06,4,1,TRUE
lucene,2.4,org.apache.lucene.search.PhraseScorer,13,3,2,9,34,0,2,7,6,0.666666667,345,1,4,0.4,0.21978022,1,3,24.84615385,3,1.1538,83,2.0,67.0,0,1.0,8.0,2.0,7.21,4,1,TRUE
lucene,2.4,org.apache.lucene.analysis.standard.StandardAnalyzer,19,2,0,10,36,0,0,10,18,0.537037037,242,0.666666667,0,0.384615385,0.25,1,2,11.42105263,1,0.4211,98,4.0,42.0,0,2.0,4.0,2.0,5.3,4,1,TRUE
lucene,2.4,org.apache.lucene.queryParser.QueryParser,81,1,1,34,168,2716,1,33,44,0.908333333,3477,0.571428571,12,0,0.093421053,0,0,41.40740741,23,2.1852,45,1.0,28.0,10,2.0,3.0,2.0,3.53,3,1,TRUE
lucene,2.4,org.apache.lucene.search.Searcher,24,1,3,41,29,270,30,14,23,0.913043478,138,1,1,0,0.275,0,0,4.708333333,1,0.9583,64,2.0,27.0,7.5,1.0,7.0,5.0,4.16,3,1,TRUE
lucene,2.4,org.apache.lucene.search.FieldSortedHitQueue,20,2,0,22,62,172,2,21,5,0.855263158,438,0.75,3,0.4,0.245614035,1,4,20.7,7,1.25,73,3.0,19.0,7.5,2.0,2.0,3.0,4.2,3,1,TRUE
lucene,2.4,org.apache.lucene.index.SegmentTermPositions,17,2,0,6,34,34,1,6,7,0.722222222,323,0.777777778,1,0.444444444,0.173611111,1,2,17.47058824,3,1,4,3.0,45.0,0,1.0,1.0,5.0,7.36,3,1,TRUE
lucene,2.4,org.apache.lucene.index.MergePolicy,7,1,1,6,9,21,2,5,1,2,15,0,0,0,0.428571429,0,0,1.142857143,1,0.8571,20,1.0,68.0,0,1.0,5.0,4.0,5.9,3,1,TRUE
lucene,2.4,org.apache.lucene.search.NonMatchingScorer,6,3,0,4,10,15,1,3,6,2,31,0,0,0.615384615,0.666666667,1,3,4.166666667,1,0.8333,79,4.0,51.0,0,2.0,7.0,2.0,7.87,3,1,TRUE
lucene,2.4,org.apache.lucene.search.spans.SpanQuery,6,2,5,20,8,15,14,7,5,2,17,0,0,0.705882353,0.5,1,1,1.833333333,1,0.8333,56,1.0,14.0,0,1.0,9.0,1.0,3.7,3,1,TRUE
lucene,2.4,org.apache.lucene.search.Weight,6,1,0,48,6,15,45,4,6,2,6,0,0,0,0.416666667,0,0,0,1,1,47,3.0,36.0,0,3.0,8.0,5.0,5.87,3,1,TRUE
lucene,2.4,org.apache.lucene.index.StoredFieldsWriter,13,2,0,14,43,10,4,13,5,0.729166667,498,0,3,0.352941176,0.208333333,0,0,36.69230769,9,1.8462,43,3.0,68.0,0,2.0,2.0,1.0,3.04,3,1,TRUE
lucene,2.4,org.apache.lucene.store.NativeFSLockFactory,7,2,0,5,27,9,2,3,4,0.333333333,186,1,0,0.5,0.571428571,0,0,25.42857143,2,0.7143,3,3.0,10.0,0,1.0,8.0,3.0,7.65,3,1,TRUE
lucene,2.4,org.apache.lucene.search.FuzzyQuery,10,3,0,13,41,7,1,12,9,0.638888889,286,0.5,0,0.72,0.285714286,2,6,27.2,6,1.4,9,3.0,40.0,0,2.0,9.0,5.0,3.09,3,1,TRUE
lucene,2.4,org.apache.lucene.search.DocIdSetIterator,4,1,4,14,5,6,14,0,4,2,7,0,0,0,0.625,0,0,0.75,1,0.75,24,3.0,42.0,0,1.0,4.0,4.0,5.71,3,1,TRUE
lucene,2.4,org.apache.lucene.search.WildcardQuery,4,3,0,8,12,4,1,7,3,0.666666667,55,1,0,0.857142857,0.5,1,1,12.5,2,1,39,1.0,32.0,0,3.0,1.0,2.0,1.49,3,1,TRUE
lucene,2.4,org.apache.lucene.search.FilterManager,5,1,0,5,18,4,4,3,4,0.821428571,112,1,2,0,0.35,0,0,20,2,1.2,71,1.0,14.0,0,3.0,1.0,4.0,7.73,3,1,TRUE
lucene,2.4,org.apache.lucene.index.LogByteSizeMergePolicy,6,3,0,3,8,3,1,2,5,1.2,54,0,0,0.833333333,0.5,1,2,7.666666667,1,0.8333,80,1.0,25.0,0,3.0,7.0,4.0,2.08,3,1,TRUE
lucene,2.4,org.apache.lucene.store.RAMDirectory,16,2,0,9,41,2,1,9,15,0.577777778,386,0.333333333,0,0.633333333,0.3625,1,6,22.9375,2,0.8125,62,3.0,36.0,0,2.0,6.0,1.0,3.79,3,1,TRUE
lucene,2.4,org.apache.lucene.document.NumberTools,4,1,0,0,18,0,0,0,3,1.166666667,127,0.5,0,0,0.333333333,0,0,29.25,6,2.5,61,3.0,40.0,0,1.0,7.0,3.0,6.79,3,1,TRUE
lucene,2.4,org.apache.lucene.index.DocInverterPerField,3,2,0,21,37,0,8,16,2,0.333333333,340,0.333333333,6,0.5,0.466666667,0,0,110.3333333,1,0.6667,38,4.0,69.0,0,3.0,2.0,5.0,4.74,3,1,TRUE
lucene,2.4,org.apache.lucene.search.spans.TermSpans,10,1,0,6,25,0,3,3,10,0.703703704,180,1,2,0,0.325,0,0,16.4,3,1.1,15,1.0,63.0,0,2.0,2.0,3.0,7.26,3,1,TRUE
lucene,2.4,org.apache.lucene.search.spans.SpanScorer,7,3,1,7,25,0,2,5,5,0.520833333,190,1,2,0.571428571,0.30952381,1,3,25,1,0.8571,34,1.0,61.0,0,3.0,2.0,2.0,5.59,3,1,TRUE
lucene,2.4,org.apache.lucene.search.PrefixQuery,6,2,0,9,28,0,1,8,6,0,149,1,1,0.705882353,0.333333333,2,3,23.66666667,4,1.5,42,3.0,4.0,0,2.0,1.0,2.0,3.71,3,1,TRUE
lucene,2.4,org.apache.lucene.util.OpenBitSet,55,2,1,12,69,0,9,4,54,0.240740741,1531,1,0,0.018867925,0.287878788,1,1,26.8,8,1.9455,76,3.0,51.0,0,2.0,8.0,1.0,4.61,3,1,TRUE
lucene,2.4,org.apache.lucene.analysis.TokenFilter,3,2,8,9,6,0,8,1,2,0,20,1,1,0.714285714,0.666666667,0,0,5.333333333,1,0.6667,62,4.0,62.0,0,1.0,4.0,3.0,4.99,3,1,TRUE
lucene,2.4,org.apache.lucene.search.TimeLimitedCollector,8,2,0,4,15,0,1,4,6,0.821428571,102,0.75,2,0.142857143,0.238095238,0,0,10.75,3,1,41,3.0,27.0,0,1.0,6.0,4.0,4.44,3,1,TRUE
lucene,2.4,org.apache.lucene.index.ConcurrentMergeScheduler,25,2,0,7,63,208,2,7,11,0.894230769,531,0.769230769,2,0.08,0.178571429,0,0,19.72,4,1.52,41,3.0,42.0,7.5,3.0,9.0,2.0,2.17,2,1,TRUE
lucene,2.4,org.apache.lucene.store.Directory,20,1,3,57,36,176,52,5,19,0.894736842,193,0.5,1,0,0.291666667,0,0,8.55,1,0.95,27,1.0,36.0,6.5,2.0,4.0,2.0,7.03,2,1,TRUE
lucene,2.4,org.apache.lucene.store.IndexOutput,19,1,3,29,25,167,26,3,18,0.962962963,343,1,1,0,0.25,0,0,16.89473684,1,0.8947,65,1.0,21.0,6.4,2.0,9.0,2.0,6.89,2,1,TRUE
lucene,2.4,org.apache.lucene.store.IndexInput,18,1,7,40,22,147,40,0,17,0.921568627,314,1,0,0,0.25,0,0,16.27777778,1,0.9444,22,3.0,15.0,5.5,3.0,1.0,5.0,3.76,2,1,TRUE
lucene,2.4,org.apache.lucene.analysis.CharArraySet,20,3,0,2,29,100,2,1,12,0.671052632,569,1,0,0.538461538,0.233333333,2,11,27.25,6,2.7,45,4.0,53.0,7.5,3.0,4.0,2.0,2.01,2,1,TRUE
lucene,2.4,org.apache.lucene.util.BitUtil,15,1,0,1,16,99,1,0,14,0.857142857,3574,0,0,0,0.339285714,0,0,237.2,8,3.3333,88,1.0,40.0,0,3.0,4.0,4.0,3.58,2,1,TRUE
lucene,2.4,org.apache.lucene.search.spans.NearSpansUnordered,21,1,0,6,54,98,3,6,9,0.765,509,1,5,0,0.204081633,0,0,22.76190476,3,1.2857,21,3.0,26.0,0,2.0,2.0,5.0,7.84,2,1,TRUE
lucene,2.4,org.apache.lucene.index.SegmentInfo,36,1,0,23,77,92,18,5,8,0.776870748,1568,0.523809524,1,0,0.182857143,1,1,41.97222222,4,1.3056,7,2.0,67.0,0,3.0,1.0,2.0,2.98,2,1,TRUE
lucene,2.4,org.apache.lucene.util.ArrayUtil,14,1,0,9,16,91,9,0,14,2,228,0,0,0,0.261904762,0,0,15.28571429,2,1.6429,52,1.0,10.0,0,2.0,4.0,4.0,4.34,2,1,TRUE
lucene,2.4,org.apache.lucene.util.SortedVIntList,16,2,0,5,26,80,2,5,8,0.866666667,207,0.857142857,0,0.083333333,0.214285714,0,0,11.5,2,0.75,72,1.0,33.0,0,1.0,2.0,3.0,2.19,2,1,TRUE
lucene,2.4,org.apache.lucene.index.TermInfosReader,19,1,0,14,45,79,2,12,6,0.709401709,629,1,7,0,0.25,0,0,31.42105263,4,1.1053,98,4.0,33.0,0,1.0,1.0,5.0,6.15,2,1,TRUE
lucene,2.4,org.apache.lucene.search.function.DocValues,13,1,6,16,19,70,15,1,11,0.729166667,121,1,0,0,0.769230769,0,0,8,2,1,72,3.0,65.0,0,1.0,1.0,3.0,2.89,2,1,TRUE
lucene,2.4,org.apache.lucene.index.IndexCommit,12,1,3,9,18,66,7,2,12,2,78,0,0,0,0.541666667,1,1,5.5,4,1.1667,64,3.0,18.0,0,3.0,9.0,2.0,3.23,2,1,TRUE
lucene,2.4,org.apache.lucene.search.Sort,14,1,0,12,22,61,11,1,13,0.692307692,175,0,3,0,0.320512821,0,0,11.28571429,3,0.7143,11,3.0,55.0,0,1.0,6.0,1.0,1.52,2,1,TRUE
lucene,2.4,org.apache.lucene.index.TermVectorsTermsWriter,15,2,0,17,58,37,4,17,4,0.779220779,751,0,6,0.35,0.19047619,0,0,48.33333333,5,1.5333,46,3.0,7.0,0,1.0,4.0,4.0,6.45,2,1,TRUE
lucene,2.4,org.apache.lucene.util.OpenBitSetDISI,8,3,0,2,23,26,0,2,6,0.928571429,155,0,0,0.913793103,0.5,0,0,18.125,1,0.625,62,3.0,23.0,0,2.0,4.0,3.0,3.88,2,1,TRUE
lucene,2.4,org.apache.lucene.search.Hits,12,1,0,15,34,26,3,14,5,0.675324675,480,0.928571429,6,0,0.321428571,0,0,37.83333333,4,1.1667,64,1.0,7.0,0,1.0,1.0,1.0,4.79,2,1,TRUE
lucene,2.4,org.apache.lucene.document.DateField,8,1,0,1,25,22,1,0,6,0.428571429,126,1,0,0,0.178571429,0,0,14.625,5,1.375,49,3.0,33.0,0,1.0,8.0,5.0,1.49,2,1,TRUE
lucene,2.4,org.apache.lucene.search.ExtendedFieldCacheImpl,7,2,0,12,15,11,4,12,5,0.766666667,84,0.4,5,0.705882353,0.6,0,0,10.28571429,1,0.7143,54,4.0,41.0,0,3.0,5.0,2.0,4.44,2,1,TRUE
lucene,2.4,org.apache.lucene.search.spans.Spans,5,1,0,17,5,10,17,0,5,2,5,0,0,0,0.6,0,0,0,1,1,42,2.0,43.0,0,3.0,1.0,2.0,7.06,2,1,TRUE
lucene,2.4,org.apache.lucene.search.ExtendedFieldCache,5,1,0,6,6,10,2,5,4,1,11,0,1,0,0.7,0,0,1,1,0.8,77,3.0,30.0,0,3.0,1.0,1.0,4.1,2,1,TRUE
lucene,2.4,org.apache.lucene.index.SegmentTermDocs,13,1,2,14,34,10,3,12,8,0.682291667,455,0.875,4,0,0.230769231,0,0,32.76923077,1,0.9231,86,4.0,52.0,0,2.0,9.0,5.0,5.0,2,1,TRUE
lucene,2.4,org.apache.lucene.util.CloseableThreadLocal,7,1,0,4,27,7,4,0,4,0.708333333,135,0.5,0,0,0.388888889,0,0,17.71428571,5,1.4286,55,3.0,24.0,0,3.0,2.0,3.0,3.48,2,1,TRUE
lucene,2.4,org.apache.lucene.index.SnapshotDeletionPolicy,7,1,0,4,17,5,1,4,5,0.666666667,109,1,2,0,0.392857143,0,0,14.14285714,2,1.2857,77,1.0,24.0,0,2.0,2.0,3.0,2.25,2,1,TRUE
lucene,2.4,org.apache.lucene.util.OpenBitSetIterator,7,2,0,2,10,5,1,2,5,0.583333333,1311,1,0,0.428571429,0.416666667,0,0,185.1428571,5,2.1429,73,1.0,28.0,0,2.0,1.0,3.0,5.42,2,1,TRUE
lucene,2.4,org.apache.lucene.search.payloads.BoostingTermQuery,4,4,0,6,8,4,2,5,2,2,42,0,0,0.896551724,0.35,1,1,9.5,4,1.5,22,3.0,26.0,0,3.0,6.0,2.0,2.62,2,1,TRUE
lucene,2.4,org.apache.lucene.store.SimpleFSLockFactory,6,2,0,5,17,3,2,3,4,0.2,102,1,0,0.571428571,0.611111111,0,0,15.83333333,2,0.6667,73,3.0,30.0,0,1.0,3.0,5.0,2.76,2,1,TRUE
lucene,2.4,org.apache.lucene.index.ReadOnlyMultiSegmentReader,3,4,0,6,6,3,3,5,0,2,22,0,0,0.992366412,0.571428571,1,2,6.333333333,1,0.3333,58,4.0,62.0,0,3.0,3.0,1.0,5.48,2,1,TRUE
lucene,2.4,org.apache.lucene.search.ExactPhraseScorer,2,4,0,8,9,1,2,6,0,2,64,0,0,0.952380952,0.583333333,1,1,31,1,0.5,43,4.0,49.0,0,2.0,1.0,1.0,5.58,2,1,TRUE
lucene,2.4,org.apache.lucene.search.spans.PayloadSpans,2,1,0,15,2,1,14,1,2,2,2,0,0,0,1,0,0,0,1,1,37,1.0,54.0,0,3.0,6.0,2.0,3.74,2,1,TRUE
lucene,2.4,org.apache.lucene.index.Term,13,1,0,79,22,0,79,0,10,0.125,145,0,0,0,0.294871795,1,1,10,6,1.2308,68,3.0,66.0,0,3.0,1.0,5.0,3.41,2,1,TRUE
lucene,2.4,org.apache.lucene.search.SloppyPhraseScorer,5,4,0,8,20,0,2,6,0,0.625,389,1,2,0.833333333,0.325,1,1,76,5,2,97,1.0,9.0,0,3.0,5.0,4.0,7.35,2,1,TRUE
lucene,2.4,org.apache.lucene.search.spans.SpanFirstQuery,14,3,0,7,31,0,1,7,12,0.461538462,182,1,1,0.566666667,0.196428571,2,2,11.85714286,6,1.2857,77,1.0,56.0,0,3.0,7.0,5.0,1.73,2,1,TRUE
lucene,2.4,org.apache.lucene.index.IndexModifier,26,1,0,13,58,0,0,13,22,0.344,719,1,4,0,0.184615385,0,0,26.26923077,2,1.1538,4,3.0,64.0,0,2.0,6.0,1.0,4.45,2,1,TRUE
lucene,2.4,org.apache.lucene.document.FieldSelectorResult,4,1,0,7,6,0,7,0,2,0.875,83,0.125,7,0,0.555555556,1,1,17.75,5,1.5,7,1.0,45.0,0,2.0,2.0,5.0,3.86,2,1,TRUE
lucene,2.4,org.apache.lucene.analysis.StopAnalyzer,8,2,0,9,18,0,2,8,7,0.5,228,0.5,0,0.714285714,0.357142857,1,2,27.25,1,0.25,66,3.0,64.0,0,1.0,3.0,4.0,3.48,2,1,TRUE
lucene,2.4,org.apache.lucene.search.ReqOptSumScorer,6,3,0,4,15,0,1,3,6,0.466666667,113,1,2,0.615384615,0.5,1,3,17.33333333,1,0.8333,52,4.0,45.0,0,2.0,1.0,3.0,2.51,2,1,TRUE
lucene,2.4,org.apache.lucene.search.RemoteSearchable,13,4,0,14,31,0,0,14,13,0,120,1,1,0.6,0.205128205,0,0,8.153846154,1,0.9231,4,1.0,18.0,0,1.0,1.0,3.0,1.23,2,1,TRUE
lucene,2.4,org.apache.lucene.index.FilterIndexReader,28,2,0,12,57,0,0,12,23,0,200,1,1,0.73,0.185714286,1,9,6.107142857,1,0.9643,39,1.0,36.0,0,2.0,5.0,4.0,6.36,2,1,TRUE
lucene,2.4,org.apache.lucene.util.DocIdBitSet,4,2,0,4,9,0,2,3,3,0.833333333,31,0.5,0,0.25,0.416666667,0,0,6.25,1,0.75,20,4.0,64.0,0,3.0,4.0,2.0,6.83,2,1,TRUE
lucene,2.4,org.apache.lucene.search.RangeFilter,9,2,0,8,38,0,1,7,9,0.083333333,695,1,0,0.222222222,0.314814815,2,2,75.55555556,14,3.2222,72,2.0,59.0,0,2.0,6.0,1.0,2.59,2,1,TRUE
lucene,2.4,org.apache.lucene.search.ReqExclScorer,7,3,0,4,16,0,1,3,6,0.333333333,179,1,2,0.571428571,0.476190476,1,3,24.14285714,1,0.8571,58,1.0,16.0,0,3.0,6.0,3.0,7.12,2,1,TRUE
lucene,2.4,org.apache.lucene.search.DisjunctionSumScorer,12,3,1,7,37,0,2,5,9,0.454545455,357,1,1,0.444444444,0.416666667,1,3,28.08333333,1,0.8333,71,1.0,28.0,0,2.0,4.0,5.0,2.41,2,1,TRUE
lucene,2.4,org.apache.lucene.index.LogDocMergePolicy,4,3,0,3,5,0,1,2,3,1.333333333,27,0,0,0.892857143,0.5,1,2,5.5,1,0.75,83,2.0,7.0,0,1.0,8.0,5.0,6.65,2,1,TRUE
lucene,2.4,org.apache.lucene.util.BitVector,15,1,0,8,29,0,5,3,9,0.285714286,1538,1,0,0,0.321428571,0,0,101.2666667,10,2,38,2.0,40.0,0,1.0,6.0,3.0,1.05,2,1,TRUE
lucene,2.4,org.apache.lucene.index.FieldInfo,4,1,0,29,5,0,29,0,1,0.148148148,172,0,0,0,0.45,0,0,39.75,8,4.25,7,2.0,59.0,0,2.0,9.0,2.0,7.98,2,1,TRUE
lucene,2.4,org.apache.lucene.search.DisjunctionMaxScorer,11,3,0,4,25,0,1,3,7,0.625,447,1,0,0.444444444,0.287878788,1,3,39.27272727,6,1.5455,35,2.0,61.0,0,2.0,2.0,4.0,4.42,2,1,TRUE
lucene,2.4,org.apache.lucene.document.Fieldable,24,1,0,20,24,276,19,1,24,2,24,0,0,0,0.291666667,0,0,0,1,1,62,1.0,63.0,5.5,1.0,4.0,4.0,1.33,1,1,TRUE
lucene,2.4,org.apache.lucene.queryParser.QueryParserTokenManager,35,1,0,5,51,253,1,4,7,0.719814241,3060,0.210526316,1,0,0.405882353,0,0,85.88571429,112,7.8286,96,2.0,22.0,9.1,1.0,8.0,1.0,5.99,1,1,TRUE
lucene,2.4,org.apache.lucene.document.AbstractField,24,1,3,7,34,140,3,4,21,0.855978261,593,1,0,0,0.171875,0,0,23.04166667,20,2.125,44,3.0,37.0,5.5,1.0,7.0,3.0,1.04,1,1,TRUE
lucene,2.4,org.apache.lucene.index.FreqProxTermsWriter,13,2,0,24,64,72,1,24,2,0.866666667,856,0.2,2,0.388888889,0.155555556,1,1,64.46153846,4,1.1538,72,2.0,68.0,0,2.0,5.0,3.0,4.03,1,1,TRUE
lucene,2.4,org.apache.lucene.queryParser.CharStream,12,1,0,3,12,66,3,0,12,2,12,0,0,0,0.583333333,0,0,0,1,1,76,4.0,18.0,0,2.0,2.0,1.0,3.44,1,1,TRUE
lucene,2.4,org.apache.lucene.search.Explanation,13,1,1,41,21,64,41,0,11,0.611111111,197,1,0,0,0.292307692,0,0,13.92307692,4,1.4615,49,3.0,26.0,0,1.0,8.0,4.0,4.44,1,1,TRUE
lucene,2.4,org.apache.lucene.search.FuzzyTermEnum,14,3,0,5,29,53,1,4,6,0.692307692,514,1,1,0.541666667,0.333333333,1,4,34.92857143,14,2.2857,44,4.0,8.0,0,3.0,8.0,3.0,7.84,1,1,TRUE
lucene,2.4,org.apache.lucene.analysis.StopFilter,13,3,0,6,29,38,2,4,11,0.716666667,178,0.6,1,0.466666667,0.285714286,1,2,12.30769231,1,0.6154,19,2.0,23.0,0,1.0,4.0,2.0,4.83,1,1,TRUE
lucene,2.4,org.apache.lucene.queryParser.Token,7,1,0,4,8,19,4,0,7,0.979166667,49,0,2,0,0.523809524,0,0,4.857142857,2,0.7143,7,1.0,25.0,0,2.0,5.0,4.0,7.69,1,1,TRUE
lucene,2.4,org.apache.lucene.index.TermVectorsTermsWriterPerField,11,2,0,19,40,17,2,19,2,0.775,599,0,6,0.4,0.222222222,0,0,52.36363636,15,2.8182,3,1.0,57.0,0,2.0,4.0,3.0,4.4,1,1,TRUE
lucene,2.4,org.apache.lucene.index.TermFreqVector,6,1,0,14,6,15,14,0,6,2,6,0,0,0,0.375,0,0,0,1,1,54,2.0,53.0,0,1.0,5.0,3.0,4.22,1,1,TRUE
lucene,2.4,org.apache.lucene.queryParser.TokenMgrError,6,3,0,2,19,15,2,0,4,1.12,184,0,0,0.8125,0.5,1,1,28.83333333,14,2.8333,13,3.0,67.0,0,3.0,5.0,5.0,6.36,1,1,TRUE
lucene,2.4,org.apache.lucene.index.TermEnum,6,1,5,38,8,15,37,1,6,2,21,0,0,0,0.583333333,0,0,2.5,1,0.8333,69,3.0,18.0,0,1.0,4.0,1.0,5.66,1,1,TRUE
lucene,2.4,org.apache.lucene.store.Lock,6,1,5,19,19,13,18,1,5,1,119,0.333333333,0,0,0.6,0,0,18.33333333,1,0.6667,16,2.0,13.0,0,1.0,7.0,3.0,5.57,1,1,TRUE
lucene,2.4,org.apache.lucene.search.function.FloatFieldSource,7,3,0,7,21,9,2,6,6,0.777777778,120,0.333333333,1,0.705882353,0.333333333,2,3,15.71428571,6,1.7143,85,1.0,25.0,0,1.0,8.0,5.0,5.99,1,1,TRUE
lucene,2.4,org.apache.lucene.search.ComplexExplanation,6,2,0,11,18,9,10,1,5,0.2,65,1,0,0.733333333,0.333333333,1,1,9.666666667,3,1.1667,100,3.0,66.0,0,3.0,8.0,1.0,6.69,1,1,TRUE
lucene,2.4,org.apache.lucene.search.function.ShortFieldSource,7,3,0,7,21,9,2,6,6,0.777777778,120,0.333333333,1,0.705882353,0.333333333,2,3,15.71428571,6,1.7143,12,4.0,55.0,0,1.0,6.0,3.0,6.47,1,1,TRUE
lucene,2.4,org.apache.lucene.search.function.ByteFieldSource,7,3,0,7,21,9,2,6,6,0.777777778,120,0.333333333,1,0.705882353,0.333333333,2,3,15.71428571,6,1.7143,51,1.0,6.0,0,3.0,2.0,1.0,2.18,1,1,TRUE
lucene,2.4,org.apache.lucene.search.function.IntFieldSource,7,3,0,7,21,9,2,6,6,0.777777778,120,0.333333333,1,0.705882353,0.333333333,2,3,15.71428571,6,1.7143,15,4.0,19.0,0,3.0,2.0,1.0,4.47,1,1,TRUE
lucene,2.4,org.apache.lucene.search.CachingSpanFilter,8,3,0,4,21,8,0,4,7,0.285714286,116,1,1,0.3,0.4375,2,2,13.25,2,1,77,2.0,19.0,0,2.0,8.0,3.0,1.93,1,1,TRUE
lucene,2.4,org.apache.lucene.search.function.FieldCacheSource,8,2,4,8,11,8,4,4,8,0.428571429,54,1,0,0.416666667,0.3125,2,2,5.625,4,1.25,14,1.0,70.0,0,3.0,2.0,4.0,3.67,1,1,TRUE
lucene,2.4,org.apache.lucene.util.PriorityQueue,13,1,9,12,14,8,12,0,9,0.444444444,293,1,0,0,0.461538462,0,0,21.30769231,7,2.0769,45,3.0,41.0,0,3.0,3.0,4.0,3.87,1,1,TRUE
lucene,2.4,org.apache.lucene.analysis.CachingTokenFilter,6,3,0,3,19,7,0,3,3,0.8,107,0.5,0,0.636363636,0.4,2,3,16.16666667,1,0.6667,35,2.0,54.0,0,1.0,5.0,5.0,7.99,1,1,TRUE
lucene,2.4,org.apache.lucene.analysis.WordlistLoader,4,1,0,2,17,6,2,0,4,2,147,0,0,0,0.333333333,0,0,35.75,1,0.75,91,1.0,60.0,0,1.0,2.0,5.0,4.53,1,1,TRUE
lucene,2.4,org.apache.lucene.index.StoredFieldsWriterPerField,5,2,0,10,23,6,1,10,2,0.8,185,0,3,0.4,0.333333333,0,0,35,1,0.6,72,3.0,33.0,0,1.0,4.0,5.0,5.24,1,1,TRUE
lucene,2.4,org.apache.lucene.search.WildcardTermEnum,6,3,0,5,20,5,1,4,5,0.825,247,0,1,0.722222222,0.333333333,1,4,38.83333333,16,3.6667,28,3.0,12.0,0,2.0,1.0,2.0,6.58,1,1,TRUE
lucene,2.4,org.apache.lucene.store.LockFactory,5,1,5,10,6,4,9,1,5,0.5,19,1,0,0,0.8,0,0,2.6,1,0.8,45,1.0,38.0,0,3.0,3.0,3.0,6.03,1,1,TRUE
lucene,2.4,org.apache.lucene.search.payloads.PayloadSpanUtil,4,1,0,15,36,4,0,15,2,0.333333333,356,1,1,0,0.5,0,0,87.75,1,0.75,12,1.0,52.0,0,2.0,8.0,3.0,6.11,1,1,TRUE
lucene,2.4,org.apache.lucene.search.Filter,3,1,6,28,5,3,25,3,3,2,15,0,0,0,0.833333333,0,0,4,1,0.6667,51,4.0,59.0,0,2.0,9.0,4.0,7.34,1,1,TRUE
lucene,2.4,org.apache.lucene.analysis.WhitespaceAnalyzer,3,2,0,4,8,3,0,4,3,2,31,0,0,0.714285714,0.777777778,1,2,9.333333333,1,0.6667,80,1.0,25.0,0,3.0,9.0,2.0,7.98,1,1,TRUE
lucene,2.4,org.apache.lucene.analysis.SimpleAnalyzer,3,2,0,5,8,3,1,4,3,2,31,0,0,0.714285714,0.777777778,1,2,9.333333333,1,0.6667,14,3.0,65.0,0,1.0,3.0,5.0,3.57,1,1,TRUE
lucene,2.4,org.apache.lucene.search.SortComparator,3,1,0,7,7,3,4,5,2,2,21,0,0,0,0.666666667,0,0,6,1,0.6667,44,2.0,36.0,0,1.0,1.0,3.0,1.32,1,1,TRUE
lucene,2.4,org.apache.lucene.analysis.KeywordAnalyzer,3,2,0,4,8,3,0,4,3,2,31,0,0,0.714285714,0.777777778,1,2,9.333333333,1,0.6667,98,4.0,58.0,0,1.0,3.0,2.0,4.09,1,1,TRUE
lucene,2.4,org.apache.lucene.search.ConjunctionScorer,9,3,1,6,21,2,3,4,7,0.475,278,1,1,0.533333333,0.355555556,1,3,29.33333333,1,0.7778,60,4.0,30.0,0,1.0,1.0,5.0,2.72,1,1,TRUE
lucene,2.4,org.apache.lucene.index.StoredFieldsWriterPerThread,5,2,0,12,10,2,2,12,5,0.8125,74,0,4,0.5,0.4,0,0,13,3,1.6,6,1.0,70.0,0,3.0,7.0,2.0,2.0,1,1,TRUE
lucene,2.4,org.apache.lucene.index.TermVectorOffsetInfo,9,1,0,11,10,2,11,0,8,0.666666667,83,0.666666667,1,0,0.5,1,1,7.888888889,5,1.1111,32,2.0,48.0,0,2.0,8.0,2.0,1.82,1,1,TRUE
lucene,2.4,org.apache.lucene.index.MergeDocIDRemapper,4,1,0,5,12,2,2,3,2,0.708333333,354,0,0,0,0.428571429,0,0,85.5,10,2.75,43,2.0,26.0,0,1.0,5.0,5.0,1.72,1,1,TRUE
lucene,2.4,org.apache.lucene.analysis.WhitespaceTokenizer,2,4,0,2,4,1,1,1,1,2,13,0,0,0.923076923,0.666666667,1,1,5.5,2,1,86,1.0,59.0,0,3.0,6.0,1.0,6.73,1,1,TRUE
lucene,2.4,org.apache.lucene.search.TopFieldDocCollector,3,3,0,11,13,1,1,10,3,1,88,1,1,0.666666667,0.533333333,1,3,28,3,1.6667,53,2.0,30.0,0,3.0,9.0,1.0,7.39,1,1,TRUE
lucene,2.4,org.apache.lucene.search.HitQueue,2,2,0,6,4,1,4,2,0,2,39,0,0,0.923076923,0.666666667,1,3,18.5,4,2,11,1.0,53.0,0,3.0,5.0,1.0,6.48,1,1,TRUE
lucene,2.4,org.apache.lucene.util.ToStringUtils,2,1,0,17,7,1,17,0,2,2,21,0,0,0,0.5,0,0,9.5,2,1,50,1.0,24.0,0,1.0,9.0,4.0,6.84,1,1,TRUE
lucene,2.4,org.apache.lucene.search.FieldDoc,2,2,0,4,3,1,3,1,2,1,16,0,0,0,0.875,0,0,6.5,0,0,54,4.0,30.0,0,1.0,4.0,2.0,7.21,1,1,TRUE
lucene,2.4,org.apache.lucene.search.HitCollector,2,1,7,23,3,1,23,0,2,2,5,0,0,0,0.666666667,0,0,1.5,1,0.5,50,1.0,54.0,0,1.0,4.0,4.0,2.18,1,1,TRUE
lucene,2.4,org.apache.lucene.search.function.FieldScoreQuery,2,3,0,7,12,1,0,7,1,2,52,0,0,0.947368421,0.833333333,0,0,25,5,2.5,86,1.0,58.0,0,2.0,2.0,1.0,7.4,1,1,TRUE
lucene,2.4,org.apache.lucene.index.TermInfosWriter,11,1,0,10,44,1,2,8,0,0.719047619,658,0.523809524,7,0,0.366666667,0,0,56.90909091,7,1.2727,97,3.0,46.0,0,2.0,1.0,2.0,2.53,1,1,TRUE
lucene,2.4,org.apache.lucene.analysis.LowerCaseTokenizer,2,5,0,3,4,1,2,1,1,2,9,0,0,0.928571429,0.666666667,1,1,3.5,1,0.5,42,3.0,4.0,0,3.0,3.0,3.0,3.0,1,1,TRUE
lucene,2.4,org.apache.lucene.util.UnicodeUtil,7,1,0,8,15,1,6,2,5,1.075757576,969,0.363636364,0,0,0.333333333,0,0,135.8571429,14,7.7143,81,1.0,66.0,0,2.0,7.0,4.0,6.52,1,1,TRUE
lucene,2.4,org.apache.lucene.index.DocInverterPerThread,5,2,0,19,18,0,8,15,4,0.785714286,84,0,7,0.5,0.4,0,0,14.4,3,1.2,19,2.0,13.0,0,1.0,4.0,3.0,1.25,1,1,TRUE
lucene,2.4,org.apache.lucene.index.FieldsWriter,13,1,0,13,61,0,4,9,0,0.881944444,553,0.333333333,3,0,0.179487179,0,0,40.61538462,4,1,71,4.0,15.0,0,2.0,6.0,5.0,4.59,1,1,TRUE
lucene,2.4,org.apache.lucene.index.DocFieldProcessor,6,2,0,10,25,0,2,10,6,0.666666667,91,0,3,0.5,0.333333333,0,0,13.66666667,1,0.8333,32,2.0,46.0,0,1.0,4.0,1.0,7.76,1,1,TRUE
lucene,2.4,org.apache.lucene.analysis.PerFieldAnalyzerWrapper,6,2,0,2,17,0,0,2,6,0.1,90,1,1,0.5,0.583333333,1,1,13.66666667,2,1.1667,7,2.0,38.0,0,1.0,1.0,5.0,7.78,1,1,TRUE
lucene,2.4,org.apache.lucene.index.DocumentsWriterThreadState,2,1,0,7,5,0,4,5,1,0.833333333,57,0,3,0,0.75,0,0,24.5,1,0.5,14,4.0,23.0,0,1.0,8.0,1.0,5.14,1,1,TRUE
lucene,2.4,org.apache.lucene.search.TopDocs,3,1,1,14,4,0,13,1,3,0.666666667,25,0.333333333,1,0,0.583333333,0,0,6.333333333,1,0.6667,25,4.0,68.0,0,1.0,8.0,5.0,5.24,1,1,TRUE
lucene,2.4,org.apache.lucene.index.MultiLevelSkipListWriter,6,1,1,3,16,0,1,2,0,0.466666667,178,1,1,0,0.611111111,0,0,28.16666667,3,1.3333,60,4.0,70.0,0,3.0,9.0,5.0,1.76,1,1,TRUE
lucene,2.4,org.apache.lucene.index.SegmentMergeInfo,5,1,0,7,14,0,3,4,0,0.75,108,0.333333333,4,0,0.4,0,0,19.4,5,1.6,91,1.0,35.0,0,3.0,9.0,1.0,7.04,1,1,TRUE
lucene,2.4,org.apache.lucene.search.RemoteCachingWrapperFilter,3,2,0,4,8,0,0,4,3,0,28,1,1,0.5,0.666666667,1,1,8,1,0.6667,59,1.0,9.0,0,2.0,2.0,2.0,7.99,1,1,TRUE
lucene,2.4,org.apache.lucene.search.ConstantScoreRangeQuery,11,2,0,6,27,0,1,5,11,0.45,348,1,0,0.571428571,0.287878788,2,3,30.09090909,15,3.0909,14,3.0,40.0,0,3.0,1.0,1.0,4.94,1,1,TRUE
lucene,2.4,org.apache.lucene.index.DocFieldProcessorPerThread,9,2,0,22,46,0,9,16,4,0.836538462,770,0,6,0.222222222,0.232142857,1,1,83.11111111,12,3.6667,4,2.0,6.0,0,2.0,2.0,3.0,2.43,1,1,TRUE
lucene,2.4,org.apache.lucene.index.BufferedDeletes,5,1,0,5,30,0,1,4,0,0.1875,227,0,0,0,0.3,0,0,43.6,7,2.6,8,1.0,27.0,0,1.0,8.0,1.0,6.48,1,1,TRUE
lucene,2.4,org.apache.lucene.index.TermVectorsWriter,6,1,0,13,42,0,2,11,2,0.628571429,599,0.571428571,5,0,0.3,0,0,97.66666667,1,0.6667,88,3.0,16.0,0,3.0,5.0,5.0,7.02,1,1,TRUE
lucene,2.4,org.apache.lucene.search.SpanQueryFilter,8,3,0,8,29,0,0,8,7,0.142857143,118,1,1,0.333333333,0.375,1,1,13.625,3,1,61,2.0,49.0,0,1.0,2.0,2.0,6.17,1,1,TRUE
lucene,2.4,org.apache.lucene.search.TopDocCollector,6,2,1,7,13,0,2,5,4,0.6,117,1,2,0.25,0.5,0,0,18,4,1.3333,42,2.0,15.0,0,3.0,6.0,3.0,5.02,1,1,TRUE
lucene,2.4,org.apache.lucene.search.ScoreDoc,1,1,1,23,2,0,23,0,1,2,12,0,0,0,1,0,0,9,0,0,9,4.0,6.0,0,1.0,3.0,4.0,1.17,1,1,TRUE
lucene,2.4,org.apache.lucene.queryParser.ParseException,5,3,0,3,18,0,2,1,4,0.55,408,0.4,1,0.866666667,0.4,1,1,79.6,14,4.8,94,2.0,62.0,0,1.0,3.0,3.0,7.99,1,1,TRUE
lucene,2.4,org.apache.lucene.search.spans.SpanTermQuery,10,3,1,10,28,0,2,8,10,0,122,1,1,0.653846154,0.266666667,2,2,11.1,4,1.3,99,1.0,39.0,0,3.0,5.0,1.0,5.48,1,1,TRUE
lucene,2.4,org.apache.lucene.search.SortComparatorSource,1,1,0,6,1,0,4,2,1,2,1,0,0,0,1,0,0,0,1,1,32,3.0,38.0,0,1.0,6.0,1.0,1.85,1,1,TRUE
lucene,2.4,org.apache.lucene.search.SimilarityDelegator,8,2,1,2,16,0,1,1,8,0,56,1,1,0.681818182,0.395833333,1,2,5.875,1,0.875,79,4.0,53.0,0,2.0,9.0,2.0,5.39,1,1,TRUE
lucene,2.4,org.apache.lucene.store.SingleInstanceLockFactory,3,2,0,4,8,0,1,3,3,0,43,1,0,0.666666667,0.833333333,0,0,13,1,0.6667,89,4.0,60.0,0,1.0,4.0,2.0,2.15,1,1,TRUE
lucene,2.4,org.apache.lucene.util.ScorerDocQueue,16,1,0,3,24,0,2,2,12,0.383333333,361,1,2,0,0.328125,0,0,21.3125,7,1.75,48,2.0,66.0,0,1.0,9.0,2.0,7.96,1,1,TRUE
lucene,2.4,org.apache.lucene.analysis.standard.StandardTokenizerImpl,25,1,0,3,35,196,2,2,10,0.968495935,729,0.707317073,0,0,0.214285714,0,0,26.52,3,1.28,0,1.0,6.0,5.5,3.0,1.0,5.0,3.09,0,0,FALSE
lucene,2.4,org.apache.lucene.index.TermVectorsReader,23,1,0,12,66,99,3,9,2,0.847593583,1164,0.470588235,4,0,0.231404959,0,0,48.86956522,2,0.8696,70,4.0,29.0,0,3.0,1.0,5.0,5.69,0,0,FALSE
lucene,2.4,org.apache.lucene.index.CompoundFileReader,16,2,0,9,40,70,2,7,16,0.72,267,1,2,0.575757576,0.5,1,5,15.375,1,0.875,96,4.0,57.0,0,3.0,7.0,3.0,5.14,0,0,FALSE
lucene,2.4,org.apache.lucene.search.RemoteSearchable_Stub,14,3,0,13,24,69,0,13,12,0.963369963,723,0.571428571,0,0.454545455,0.205128205,0,0,49.14285714,1,0.8571,13,4.0,55.0,0,2.0,8.0,1.0,6.04,0,0,FALSE
lucene,2.4,org.apache.lucene.index.MultipleTermPositions,13,1,0,8,36,58,1,7,13,0.791666667,191,1,2,0,0.201923077,0,0,13.38461538,1,0.9231,95,3.0,6.0,0,2.0,1.0,1.0,5.07,0,0,FALSE
lucene,2.4,org.apache.lucene.index.FreqProxTermsWriterPerField,13,2,0,13,25,46,3,11,3,0.833333333,364,0,5,0.352941176,0.196969697,0,0,26.30769231,14,2.4615,20,4.0,23.0,0,3.0,1.0,2.0,7.34,0,0,FALSE
lucene,2.4,org.apache.lucene.store.BufferedIndexInput,17,2,2,4,33,42,3,1,10,0.6953125,478,0.625,0,0.548387097,0.302083333,1,5,26.64705882,8,1.2941,72,1.0,55.0,0,2.0,4.0,5.0,6.32,0,0,FALSE
lucene,2.4,org.apache.lucene.index.ByteSliceReader,13,2,0,8,22,38,5,3,10,0.658333333,447,0,1,0.607142857,0.214285714,1,4,32.61538462,8,2.3846,75,4.0,19.0,0,1.0,7.0,5.0,6.22,0,0,FALSE
lucene,2.4,org.apache.lucene.queryParser.MultiFieldQueryParser,12,2,0,9,33,34,0,9,5,0.590909091,453,1,0,0.885057471,0.283333333,1,5,36.58333333,3,1,94,4.0,65.0,0,3.0,8.0,3.0,7.56,0,0,FALSE
lucene,2.4,org.apache.lucene.index.TermVectorEntry,13,1,0,4,22,32,3,1,10,0.783333333,135,0.8,1,0,0.269230769,1,1,9,7,1.3846,95,2.0,17.0,0,1.0,7.0,4.0,6.77,0,0,FALSE
lucene,2.4,org.apache.lucene.index.NormsWriter,9,2,0,13,46,32,2,12,3,0.90625,409,0.5,1,0.416666667,0.25,0,0,44,1,0.7778,91,3.0,26.0,0,1.0,9.0,5.0,1.08,0,0,FALSE
lucene,2.4,org.apache.lucene.index.TermDocs,8,1,0,30,8,28,28,2,8,2,8,0,0,0,0.3,0,0,0,1,1,65,3.0,51.0,0,2.0,5.0,2.0,7.19,0,0,FALSE
lucene,2.4,org.apache.lucene.index.TermsHashConsumer,8,1,2,9,9,28,5,5,0,1,16,0,1,0,0.267857143,0,0,0.875,1,0.875,88,1.0,68.0,0,3.0,2.0,2.0,1.42,0,0,FALSE
lucene,2.4,org.apache.lucene.store.RAMOutputStream,16,2,0,11,33,26,9,2,11,0.688888889,332,0.666666667,1,0.566666667,0.175,1,5,19.1875,2,0.9375,37,4.0,6.0,0,2.0,7.0,5.0,4.11,0,0,FALSE
lucene,2.4,org.apache.lucene.index.TermVectorsTermsWriterPerThread,9,2,0,12,21,24,2,12,5,0.916666667,167,0,6,0.363636364,0.270833333,0,0,16.55555556,6,2,32,4.0,42.0,0,2.0,5.0,1.0,7.35,0,0,FALSE
lucene,2.4,org.apache.lucene.index.TermsHashConsumerPerField,7,1,2,10,8,21,7,3,0,2,10,0,0,0,0.4,0,0,0.428571429,1,0.8571,77,3.0,8.0,0,2.0,1.0,1.0,2.48,0,0,FALSE
lucene,2.4,org.apache.lucene.index.DocFieldConsumer,7,1,3,9,8,21,6,4,0,1,15,0,1,0,0.342857143,0,0,1,1,0.8571,62,4.0,67.0,0,2.0,3.0,5.0,3.69,0,0,FALSE
lucene,2.4,org.apache.lucene.util.SmallFloat,7,1,0,1,10,21,1,0,7,2,155,0,0,0,0.321428571,0,0,21.14285714,4,2.5714,72,2.0,42.0,0,2.0,4.0,2.0,4.11,0,0,FALSE
lucene,2.4,org.apache.lucene.util.cache.Cache,7,1,2,5,9,21,5,1,6,2,18,0,0,0,0.476190476,0,0,1.571428571,1,0.8571,27,1.0,6.0,0,2.0,1.0,2.0,4.23,0,0,FALSE
lucene,2.4,org.apache.lucene.index.InvertedDocConsumer,7,1,1,7,8,21,4,4,0,1,15,0,1,0,0.342857143,0,0,1,1,0.8571,20,2.0,36.0,0,2.0,2.0,2.0,5.43,0,0,FALSE
lucene,2.4,org.apache.lucene.search.DefaultSimilarity,7,2,0,3,10,21,3,1,7,2,54,0,0,0.714285714,0.5,1,2,6.714285714,1,0.8571,99,1.0,52.0,0,2.0,7.0,3.0,1.95,0,0,FALSE
lucene,2.4,org.apache.lucene.store.RAMFile,11,1,0,3,17,19,3,1,0,0.833333333,133,0.5,1,0,0.386363636,0,0,10.54545455,2,0.9091,94,4.0,13.0,0,2.0,9.0,3.0,3.94,0,0,FALSE
lucene,2.4,org.apache.lucene.store.BufferedIndexOutput,10,2,1,2,12,17,1,1,8,0.555555556,185,0.75,0,0.653846154,0.36,1,5,17.1,1,0.9,3,3.0,22.0,0,1.0,9.0,5.0,5.49,0,0,FALSE
lucene,2.4,org.apache.lucene.index.TermVectorMapper,7,1,4,12,8,17,11,1,5,0.833333333,28,1,0,0,0.380952381,0,0,2.714285714,1,0.7143,6,4.0,22.0,0,1.0,5.0,5.0,5.29,0,0,FALSE
lucene,2.4,org.apache.lucene.index.DocConsumer,6,1,1,5,7,15,3,3,0,2,9,0,0,0,0.416666667,0,0,0.5,1,0.8333,48,4.0,55.0,0,1.0,8.0,1.0,7.54,0,0,FALSE
lucene,2.4,org.apache.lucene.index.NormsWriterPerThread,6,2,0,8,8,15,2,8,1,1,30,0,2,0.444444444,0.333333333,0,0,3.666666667,1,0.8333,42,1.0,48.0,0,2.0,4.0,3.0,3.59,0,0,FALSE
lucene,2.4,org.apache.lucene.index.InvertedDocEndConsumer,6,1,1,7,7,15,4,4,0,2,9,0,0,0,0.366666667,0,0,0.5,1,0.8333,83,3.0,51.0,0,1.0,9.0,1.0,6.32,0,0,FALSE
lucene,2.4,org.apache.lucene.search.function.ValueSource,6,1,3,8,7,15,6,2,6,2,12,0,0,0,0.444444444,1,1,1,1,0.8333,39,1.0,45.0,0,2.0,7.0,2.0,2.7,0,0,FALSE
lucene,2.4,org.apache.lucene.index.CompoundFileWriter,9,1,0,9,51,14,3,6,5,0.703125,414,0.75,2,0,0.303571429,0,0,44.11111111,4,1,41,3.0,64.0,0,1.0,8.0,4.0,5.93,0,0,FALSE
lucene,2.4,org.apache.lucene.analysis.PorterStemmer,27,1,0,1,44,13,1,0,13,0.600961538,1158,1,0,0,0.25308642,0,0,41.59259259,26,5.6667,9,3.0,13.0,0,1.0,4.0,2.0,6.0,0,0,FALSE
lucene,2.4,org.apache.lucene.index.PositionBasedTermVectorMapper,6,2,0,3,15,11,0,3,6,0.85,110,1,0,0.555555556,0.388888889,0,0,16.66666667,4,1.5,95,4.0,46.0,0,1.0,9.0,5.0,5.62,0,0,FALSE
lucene,2.4,org.apache.lucene.index.DocFieldConsumerPerThread,5,1,3,13,6,10,10,3,0,2,8,0,0,0,0.6,0,0,0.6,1,0.8,40,4.0,30.0,0,2.0,2.0,1.0,1.76,0,0,FALSE
lucene,2.4,org.apache.lucene.index.TermsHashConsumerPerThread,5,1,2,11,6,10,8,4,2,2,8,0,0,0,0.466666667,0,0,0.6,1,0.8,30,1.0,5.0,0,3.0,4.0,5.0,7.43,0,0,FALSE
lucene,2.4,org.apache.lucene.index.InvertedDocEndConsumerPerThread,5,1,1,8,6,10,6,3,0,2,8,0,0,0,0.466666667,0,0,0.6,1,0.8,13,1.0,52.0,0,3.0,9.0,1.0,4.06,0,0,FALSE
lucene,2.4,org.apache.lucene.index.InvertedDocConsumerPerField,5,1,1,7,6,10,5,2,0,2,8,0,0,0,0.4,0,0,0.6,1,0.8,83,4.0,13.0,0,3.0,8.0,3.0,6.79,0,0,FALSE
lucene,2.4,org.apache.lucene.store.NoLock,5,2,0,2,6,10,1,1,4,2,15,0,0,0.5,1,1,2,2,1,0.8,29,3.0,10.0,0,1.0,8.0,1.0,5.59,0,0,FALSE
lucene,2.4,org.apache.lucene.index.FreqProxTermsWriterPerThread,5,2,0,10,7,10,3,8,3,1,28,0,2,0.5,0.4,0,0,4.2,1,0.8,84,1.0,51.0,0,2.0,3.0,4.0,3.91,0,0,FALSE
lucene,2.4,org.apache.lucene.index.InvertedDocConsumerPerThread,5,1,1,9,6,10,6,4,0,2,8,0,0,0,0.466666667,0,0,0.6,1,0.8,82,2.0,65.0,0,2.0,3.0,1.0,2.14,0,0,FALSE
lucene,2.4,org.apache.lucene.index.ReusableStringReader,5,2,0,2,8,8,2,0,3,0.5,90,0,0,0.714285714,0.45,1,2,16.4,3,1.2,2,3.0,59.0,0,1.0,1.0,3.0,6.58,0,0,FALSE
lucene,2.4,org.apache.lucene.search.FilteredTermEnum,9,2,2,7,14,8,5,2,6,0.5,103,1,2,0.384615385,0.407407407,1,2,10.22222222,2,1,49,2.0,2.0,0,2.0,3.0,3.0,1.03,0,0,FALSE
lucene,2.4,org.apache.lucene.util.cache.SimpleMapCache,8,2,2,3,15,8,2,2,7,0.285714286,48,0,0,0.5,0.5,1,1,4.875,1,0.75,67,2.0,32.0,0,2.0,2.0,1.0,3.25,0,0,FALSE
lucene,2.4,org.apache.lucene.index.TermsHashPerThread,10,2,0,24,37,7,9,18,4,0.759259259,276,0,8,0.333333333,0.188888889,0,0,25.4,4,1.4,89,1.0,31.0,0,1.0,8.0,1.0,2.78,0,0,FALSE
lucene,2.4,org.apache.lucene.index.ReadOnlySegmentReader,4,4,0,3,7,6,2,2,1,2,26,0,0,0.98125,0.5,2,3,5.5,3,1.25,89,3.0,31.0,0,1.0,9.0,3.0,4.69,0,0,FALSE
lucene,2.4,org.apache.lucene.search.ScoreDocComparator,4,1,0,16,6,6,15,3,3,1,15,0,2,0,0.833333333,0,0,2.25,1,0.75,28,4.0,35.0,0,1.0,9.0,2.0,3.81,0,0,FALSE
lucene,2.4,org.apache.lucene.index.TermPositions,4,1,0,25,4,6,24,1,4,2,4,0,0,0,0.5,0,0,0,1,1,22,1.0,39.0,0,2.0,8.0,1.0,6.81,0,0,FALSE
lucene,2.4,org.apache.lucene.store.NoLockFactory,5,2,0,4,7,6,1,3,4,0.75,24,1,2,0.571428571,0.625,0,0,3.4,1,0.6,20,2.0,63.0,0,3.0,3.0,5.0,2.64,0,0,FALSE
lucene,2.4,org.apache.lucene.index.FieldReaderException,4,4,0,1,8,6,1,0,4,2,20,0,0,1,0.666666667,0,0,4,0,0,69,1.0,27.0,0,3.0,1.0,1.0,5.15,0,0,FALSE
lucene,2.4,org.apache.lucene.index.NormsWriterPerField,7,2,0,9,20,5,2,8,3,0.796296296,191,0,4,0.285714286,0.277777778,0,0,25,8,1.7143,100,2.0,56.0,0,2.0,8.0,3.0,6.4,0,0,FALSE
lucene,2.4,org.apache.lucene.util.Parameter,6,1,5,5,18,5,5,0,1,0.6,88,0.5,0,0,0.7,0,0,13.33333333,1,0.5,100,3.0,62.0,0,2.0,3.0,5.0,6.97,0,0,FALSE
lucene,2.4,org.apache.lucene.analysis.LowerCaseFilter,4,3,0,4,14,4,1,3,2,0.833333333,74,0,0,0.777777778,0.416666667,1,2,17,1,0.5,52,1.0,24.0,0,3.0,8.0,1.0,1.98,0,0,FALSE
lucene,2.4,org.apache.lucene.index.IndexFileNames,4,1,0,5,10,4,5,0,0,1.243589744,298,0,0,0,0.444444444,0,0,67,4,1.75,91,2.0,36.0,0,2.0,7.0,4.0,3.46,0,0,FALSE
lucene,2.4,org.apache.lucene.index.ByteSliceWriter,8,1,0,1,15,4,0,1,6,0.547619048,240,0.5,1,0,0.30952381,0,0,28.25,8,2.75,30,2.0,18.0,0,2.0,1.0,1.0,1.41,0,0,FALSE
lucene,2.4,org.apache.lucene.analysis.standard.StandardFilter,4,3,0,5,15,4,1,4,2,0.75,133,0.5,0,0.777777778,0.416666667,1,2,31.25,1,0.5,29,2.0,27.0,0,2.0,1.0,3.0,6.62,0,0,FALSE
lucene,2.4,org.apache.lucene.index.IndexFileNameFilter,5,1,0,3,14,4,2,1,4,0.583333333,145,0.666666667,1,0,0.5,0,0,27.4,7,2.6,31,1.0,9.0,0,2.0,7.0,2.0,5.17,0,0,FALSE
lucene,2.4,org.apache.lucene.index.SerialMergeScheduler,3,2,0,5,6,3,1,4,3,2,18,0,0,0.5,0.666666667,0,0,5,1,0.6667,13,2.0,18.0,0,2.0,8.0,2.0,4.3,0,0,FALSE
lucene,2.4,org.apache.lucene.index.DocFieldConsumers,11,2,0,11,37,3,3,10,6,0.757142857,281,0,3,0.4,0.2125,0,0,23.90909091,5,1.5455,32,2.0,52.0,0,3.0,3.0,3.0,3.25,0,0,FALSE
lucene,2.4,org.apache.lucene.index.MergeScheduler,3,1,2,5,4,3,4,2,1,2,6,0,0,0,0.666666667,0,0,1,1,0.6667,100,1.0,43.0,0,1.0,6.0,3.0,1.12,0,0,FALSE
lucene,2.4,org.apache.lucene.index.DocFieldConsumerPerField,3,1,3,11,4,3,10,1,0,2,6,0,0,0,0.555555556,0,0,1,1,0.6667,16,1.0,61.0,0,3.0,8.0,5.0,5.99,0,0,FALSE
lucene,2.4,org.apache.lucene.index.DocConsumerPerThread,3,1,1,6,4,3,5,1,0,2,6,0,0,0,1,0,0,1,1,0.6667,25,4.0,29.0,0,2.0,1.0,3.0,4.14,0,0,FALSE
lucene,2.4,org.apache.lucene.LucenePackage,3,1,0,0,8,3,0,0,1,1,27,0,0,0,0.333333333,0,0,7.666666667,2,1,2,4.0,13.0,0,3.0,2.0,3.0,6.25,0,0,FALSE
lucene,2.4,org.apache.lucene.search.QueryFilter,3,3,0,4,7,3,0,4,3,2,20,0,0,0.777777778,0.555555556,2,3,5.666666667,1,0.6667,50,4.0,55.0,0,3.0,9.0,1.0,5.13,0,0,FALSE
lucene,2.4,org.apache.lucene.index.FieldSortedTermVectorMapper,6,2,0,3,12,3,0,3,6,0.6,69,1,0,0.555555556,0.380952381,0,0,9.833333333,1,0.6667,1,1.0,37.0,0,3.0,4.0,1.0,1.75,0,0,FALSE
lucene,2.4,org.apache.lucene.index.KeepOnlyLastCommitDeletionPolicy,3,1,0,4,7,3,2,2,3,2,28,0,0,0,0.833333333,0,0,8.333333333,2,1,56,4.0,10.0,0,3.0,3.0,5.0,1.04,0,0,FALSE
lucene,2.4,org.apache.lucene.store.LockVerifyServer,3,1,0,0,25,3,0,0,2,2,165,0,0,0,0.333333333,0,0,54,1,0.6667,4,4.0,2.0,0,2.0,8.0,1.0,1.65,0,0,FALSE
lucene,2.4,org.apache.lucene.index.SegmentMergeQueue,3,2,0,5,9,3,2,3,0,2,47,0,0,0.857142857,0.555555556,1,3,14.66666667,4,1.6667,38,4.0,45.0,0,2.0,8.0,5.0,5.39,0,0,FALSE
lucene,2.4,org.apache.lucene.index.IndexCommitPoint,3,1,0,2,3,3,2,0,3,2,3,0,0,0,1,0,0,0,1,1,25,1.0,27.0,0,2.0,1.0,2.0,5.54,0,0,FALSE
lucene,2.4,org.apache.lucene.index.InvertedDocEndConsumerPerField,3,1,1,5,4,3,5,0,0,2,6,0,0,0,1,0,0,1,1,0.6667,31,2.0,61.0,0,3.0,8.0,2.0,4.57,0,0,FALSE
lucene,2.4,org.apache.lucene.util.StringHelper,3,1,0,1,6,3,1,0,2,2,62,0,0,0,0.333333333,0,0,19.66666667,4,2.6667,27,4.0,13.0,0,2.0,8.0,2.0,2.17,0,0,FALSE
lucene,2.4,org.apache.lucene.queryParser.FastCharStream,14,1,0,2,25,3,1,1,13,0.602564103,237,0,0,0,0.404761905,0,0,15.5,1,0.9286,12,1.0,19.0,0,1.0,9.0,3.0,2.19,0,0,FALSE
lucene,2.4,org.apache.lucene.search.Hit,8,1,0,4,19,2,1,3,6,0.178571429,116,1,2,0,0.34375,0,0,13,2,1,26,1.0,6.0,0,1.0,9.0,3.0,6.02,0,0,FALSE
lucene,2.4,org.apache.lucene.analysis.ISOLatin1AccentFilter,5,3,0,3,15,2,0,3,3,0.75,708,0.5,0,0.7,0.333333333,1,2,139.8,79,16.2,51,1.0,8.0,0,3.0,3.0,1.0,6.53,0,0,FALSE
lucene,2.4,org.apache.lucene.index.SortedTermVectorMapper,5,2,0,3,19,2,0,3,5,0.7,188,0.8,0,0.625,0.428571429,0,0,35.6,18,4,93,1.0,70.0,0,3.0,4.0,1.0,3.82,0,0,FALSE
lucene,2.4,org.apache.lucene.analysis.PorterStemFilter,4,3,0,4,18,2,0,4,2,0.777777778,78,0.333333333,1,0.777777778,0.416666667,1,2,17.75,1,0.5,26,2.0,3.0,0,3.0,3.0,5.0,3.22,0,0,FALSE
lucene,2.4,org.apache.lucene.analysis.LengthFilter,4,3,0,3,12,2,0,3,2,0.75,79,0,0,0.777777778,0.4,1,2,17.75,1,0.5,14,1.0,44.0,0,2.0,8.0,1.0,1.68,0,0,FALSE
lucene,2.4,org.apache.lucene.analysis.TeeTokenFilter,4,3,0,4,12,2,0,4,2,0.777777778,58,0,1,0.777777778,0.4,1,2,12.75,1,0.5,20,4.0,30.0,0,2.0,2.0,2.0,7.98,0,0,FALSE
lucene,2.4,org.apache.lucene.search.MultiSearcherThread,6,2,0,12,12,1,1,11,6,0.64,173,1,6,0.921568627,0.35,0,0,26.16666667,6,1.5,83,1.0,62.0,0,1.0,7.0,5.0,5.48,0,0,FALSE
lucene,2.4,org.apache.lucene.document.LoadFirstFieldSelector,2,1,0,2,3,1,0,2,2,2,7,0,0,0,0.75,0,0,2.5,1,0.5,34,2.0,60.0,0,2.0,7.0,2.0,3.08,0,0,FALSE
lucene,2.4,org.apache.lucene.index.IndexDeletionPolicy,2,1,0,8,2,1,8,0,2,2,2,0,0,0,1,0,0,0,1,1,14,2.0,9.0,0,1.0,3.0,4.0,6.41,0,0,FALSE
lucene,2.4,org.apache.lucene.analysis.LetterTokenizer,2,4,1,2,4,1,1,1,1,2,9,0,0,0.923076923,0.666666667,1,1,3.5,1,0.5,78,4.0,17.0,0,3.0,9.0,5.0,3.77,0,0,FALSE
lucene,2.4,org.apache.lucene.index.TermVectorEntryFreqSortedComparator,2,1,0,1,7,1,0,1,2,2,37,0,0,0,0.75,0,0,17.5,3,1.5,75,3.0,67.0,0,3.0,5.0,1.0,5.18,0,0,FALSE
lucene,2.4,org.apache.lucene.store.NativeFSLock,7,2,0,3,32,1,1,2,6,0.583333333,346,1,0,0.444444444,0.444444444,1,2,47.57142857,2,0.8571,13,3.0,37.0,0,3.0,2.0,5.0,4.55,0,0,FALSE
lucene,2.4,org.apache.lucene.store.LockStressTest,2,1,0,6,22,1,0,6,2,2,172,0,0,0,0.5,0,0,85,1,0.5,2,2.0,31.0,0,2.0,6.0,4.0,2.8,0,0,FALSE
lucene,2.4,org.apache.lucene.search.IdGenerator,2,1,0,2,2,1,1,1,2,2,2,0,0,0,0.666666667,0,0,0,1,1,12,1.0,68.0,0,1.0,1.0,2.0,2.5,0,0,FALSE
lucene,2.4,org.apache.lucene.search.SpanFilter,2,2,2,5,3,1,2,3,2,2,5,0,0,0.666666667,0.75,0,0,1.5,1,0.5,77,4.0,54.0,0,1.0,4.0,2.0,6.17,0,0,FALSE
lucene,2.4,org.apache.lucene.search.PhraseQueue,2,2,0,5,4,1,3,2,0,2,51,0,0,0.923076923,0.666666667,1,3,24.5,6,3,61,3.0,4.0,0,1.0,4.0,3.0,6.42,0,0,FALSE
lucene,2.4,org.apache.lucene.index.TermPositionVector,2,1,0,4,2,1,2,2,2,2,2,0,0,0,1,0,0,0,1,1,8,1.0,39.0,0,3.0,8.0,5.0,2.64,0,0,FALSE
lucene,2.4,org.apache.lucene.search.QueryTermVector,10,1,0,4,38,0,0,4,9,0.388888889,287,1,0,0,0.34,0,0,27.5,5,1.6,75,1.0,52.0,0,1.0,3.0,3.0,7.61,0,0,FALSE
lucene,2.4,org.apache.lucene.index.IntBlockPool,3,1,0,3,7,0,2,1,3,0.142857143,125,0.142857143,1,0,0.555555556,0,0,38.33333333,3,1.6667,63,3.0,63.0,0,1.0,5.0,4.0,4.32,0,0,FALSE
lucene,2.4,org.apache.lucene.store.ChecksumIndexInput,8,2,0,2,19,0,1,1,8,0.428571429,65,0,1,0.708333333,0.3,1,4,6.875,1,0.875,24,3.0,68.0,0,1.0,4.0,2.0,3.49,0,0,FALSE
lucene,2.4,org.apache.lucene.index.TermInfo,5,1,0,8,6,0,8,0,0,0.125,100,0,0,0,0.55,0,0,18.2,1,0.4,37,2.0,54.0,0,2.0,3.0,5.0,5.28,0,0,FALSE
lucene,2.4,org.apache.lucene.search.PrefixGenerator,2,1,2,7,16,0,2,5,1,0,66,1,1,0,0.666666667,0,0,31.5,1,0.5,88,1.0,56.0,0,1.0,6.0,5.0,6.15,0,0,FALSE
lucene,2.4,org.apache.lucene.index.CorruptIndexException,1,4,0,36,2,0,36,0,1,2,5,0,0,1,1,0,0,4,0,0,24,4.0,8.0,0,2.0,8.0,3.0,7.3,0,0,FALSE
lucene,2.4,org.apache.lucene.search.TopFieldDocs,1,2,0,14,2,0,11,3,0,2,11,0,1,1,1,0,0,9,0,0,8,1.0,19.0,0,1.0,2.0,2.0,4.11,0,0,FALSE
lucene,2.4,org.apache.lucene.document.Document,18,1,0,30,39,0,28,3,17,0.81372549,432,0.833333333,2,0,0.426470588,0,0,22.66666667,5,2.4444,37,4.0,21.0,0,1.0,6.0,2.0,3.14,0,0,FALSE
lucene,2.4,org.apache.lucene.search.PhrasePositions,5,1,0,5,12,0,4,1,0,0.678571429,95,0,2,0,0.533333333,0,0,16.6,1,0.8,5,1.0,9.0,0,1.0,8.0,5.0,6.31,0,0,FALSE
lucene,2.4,org.apache.lucene.document.FieldSelector,1,1,0,19,1,0,18,1,1,2,1,0,0,0,1,0,0,0,1,1,74,2.0,8.0,0,2.0,1.0,1.0,4.56,0,0,FALSE
lucene,2.4,org.apache.lucene.index.DocFieldProcessorPerField,2,1,0,5,5,0,1,5,2,1.166666667,31,0,4,0,0.666666667,0,0,11.5,1,0.5,82,2.0,16.0,0,3.0,5.0,4.0,2.22,0,0,FALSE
lucene,2.4,org.apache.lucene.index.DocInverter,7,2,0,14,30,0,2,13,4,0.25,136,0,2,0.5,0.285714286,0,0,18.14285714,1,0.8571,9,1.0,63.0,0,3.0,3.0,3.0,3.27,0,0,FALSE
lucene,2.4,org.apache.lucene.index.DocFieldConsumersPerField,3,2,0,4,6,0,2,3,3,0.333333333,44,0,3,0.5,0.466666667,0,0,12.66666667,3,1.3333,68,1.0,13.0,0,2.0,7.0,2.0,5.73,0,0,FALSE
lucene,2.4,org.apache.lucene.store.SimpleFSLock,5,2,0,3,19,0,1,2,5,0.375,100,0,0,0.5,0.466666667,1,2,18.6,1,0.8,84,1.0,30.0,0,2.0,4.0,1.0,5.25,0,0,FALSE
lucene,2.4,org.apache.lucene.index.SegmentTermPositionVector,4,2,0,4,5,0,1,3,3,0.666666667,65,0.666666667,1,0.777777778,0.476190476,0,0,14.5,4,2,29,3.0,30.0,0,1.0,9.0,4.0,3.89,0,0,FALSE
lucene,2.4,org.apache.lucene.index.TermBuffer,10,1,0,7,30,0,1,6,6,0.574074074,303,1,3,0,0.228571429,0,0,28.7,4,1.6,79,3.0,37.0,0,1.0,9.0,1.0,7.83,0,0,FALSE
lucene,2.4,org.apache.lucene.store.ChecksumIndexOutput,11,2,0,2,25,0,1,1,11,0.35,98,0,1,0.62962963,0.242424242,1,5,7.727272727,1,0.9091,86,2.0,44.0,0,2.0,5.0,5.0,5.36,0,0,FALSE
lucene,2.4,org.apache.lucene.analysis.SinkTokenizer,10,3,0,3,23,0,1,2,8,0.75,143,0.5,0,0.538461538,0.288888889,2,2,12.9,2,0.7,74,3.0,52.0,0,1.0,8.0,2.0,3.41,0,0,FALSE
lucene,2.4,org.apache.lucene.index.RawPostingList,1,1,2,12,2,0,12,0,0,2,8,0,0,0,1,0,0,3,0,0,23,3.0,53.0,0,1.0,8.0,2.0,6.75,0,0,FALSE
lucene,2.4,org.apache.lucene.search.HitDoc,1,1,0,2,2,0,1,1,0,2,18,0,3,0,1,0,0,12,0,0,46,4.0,10.0,0,2.0,8.0,4.0,3.04,0,0,FALSE
lucene,2.4,org.apache.lucene.document.SetBasedFieldSelector,2,1,0,2,4,0,0,2,2,0,33,1,0,0,0.666666667,0,0,14.5,3,1.5,31,1.0,19.0,0,3.0,9.0,3.0,3.16,0,0,FALSE
lucene,2.4,org.apache.lucene.index.ByteBlockPool,6,1,0,5,12,0,4,1,5,0.44,387,0.2,1,0,0.4,0,0,61.83333333,4,1.6667,51,4.0,52.0,0,1.0,7.0,4.0,5.13,0,0,FALSE
lucene,2.4,org.apache.lucene.index.TermsHash,13,2,0,14,52,0,3,14,5,0.763888889,584,0.333333333,5,0.352941176,0.179487179,0,0,43,20,3.3077,26,2.0,4.0,0,2.0,5.0,5.0,7.88,0,0,FALSE
lucene,2.4,org.apache.lucene.util.cache.SimpleLRUCache,2,3,0,3,5,0,2,2,1,1,33,1,0,0.923076923,0.5,1,4,14.5,1,0.5,70,2.0,12.0,0,3.0,8.0,4.0,7.71,0,0,FALSE
lucene,2.4,org.apache.lucene.store.LockObtainFailedException,1,4,0,8,2,0,8,0,1,2,5,0,0,1,1,0,0,4,0,0,78,3.0,62.0,0,3.0,6.0,1.0,2.01,0,0,FALSE
lucene,2.4,org.apache.lucene.index.MultiLevelSkipListReader,10,1,1,4,22,0,1,3,1,0.611111111,481,1,1,0,0.5,0,0,45.7,2,1,78,1.0,19.0,0,2.0,4.0,1.0,1.58,0,0,FALSE
lucene,2.4,org.apache.lucene.search.FieldDocSortedHitQueue,5,2,0,6,25,0,3,3,0,0.375,378,0,1,0.75,0.5,1,3,74.2,26,6.6,40,3.0,49.0,0,2.0,2.0,4.0,4.96,0,0,FALSE
lucene,2.4,org.apache.lucene.index.Payload,14,1,0,4,22,0,3,1,14,0.230769231,227,1,0,0,0.428571429,1,1,15,6,1.5,48,3.0,33.0,0,2.0,5.0,1.0,3.55,0,0,FALSE
lucene,2.4,org.apache.lucene.store.VerifyingLockFactory,3,2,0,4,7,0,2,3,3,0.75,36,0,1,0.666666667,0.6,0,0,9.666666667,1,0.6667,92,3.0,44.0,0,3.0,2.0,4.0,4.73,0,0,FALSE
lucene,2.4,org.apache.lucene.index.TermsHashPerField,20,2,0,23,47,0,10,16,7,0.785087719,1605,0.291666667,11,0.181818182,0.157894737,0,0,78.05,12,3.75,50,1.0,28.0,0,1.0,4.0,5.0,4.96,0,0,FALSE
lucene,2.4,org.apache.lucene.index.StaleReaderException,1,4,0,3,2,0,3,0,1,2,5,0,0,1,1,0,0,4,0,0,54,4.0,39.0,0,3.0,7.0,1.0,6.76,0,0,FALSE
lucene,2.4,org.apache.lucene.index.DefaultSkipListWriter,4,2,0,4,10,0,2,2,0,0.484848485,182,1,2,0.625,0.625,1,1,41.75,2,1.25,9,1.0,19.0,0,3.0,8.0,3.0,4.93,0,0,FALSE
lucene,2.4,org.apache.lucene.search.PrefixFilter,5,2,0,7,17,0,2,7,5,0,71,1,1,0.333333333,0.533333333,1,1,13,1,0.8,88,3.0,62.0,0,2.0,1.0,3.0,5.87,0,0,FALSE
lucene,2.4,org.apache.lucene.search.function.OrdFieldSource,7,2,0,6,21,0,1,6,5,0.666666667,90,0.666666667,0,0.5,0.375,2,2,11.42857143,3,1,24,3.0,59.0,0,2.0,9.0,5.0,6.97,0,0,FALSE
lucene,2.4,org.apache.lucene.document.MapFieldSelector,4,1,0,2,10,0,0,2,4,0,83,0,0,0,0.4,0,0,19.5,2,0.5,28,2.0,50.0,0,1.0,2.0,2.0,7.44,0,0,FALSE
lucene,2.4,org.apache.lucene.search.function.ReverseOrdFieldSource,7,2,0,6,21,0,1,6,5,0.666666667,97,0.333333333,0,0.5,0.375,2,2,12.42857143,3,1,30,1.0,66.0,0,3.0,8.0,1.0,2.57,0,0,FALSE
lucene,2.4,org.apache.lucene.index.DefaultSkipListReader,8,2,0,3,15,0,1,2,0,0.571428571,158,1,0,0.5625,0.425,1,3,17.875,1,0.875,30,1.0,9.0,0,1.0,2.0,2.0,5.81,0,0,FALSE
lucene,2.4,org.apache.lucene.index.SegmentTermEnum,13,2,0,11,39,0,4,7,4,0.761111111,394,0.533333333,6,0.294117647,0.211538462,1,2,28.15384615,1,0.9231,22,3.0,39.0,0,1.0,1.0,4.0,1.12,0,0,FALSE
lucene,2.4,org.apache.lucene.index.ParallelArrayTermVectorMapper,4,2,0,6,7,0,1,5,3,0.458333333,123,1,1,0.625,0.458333333,0,0,27.75,5,2.75,33,1.0,8.0,0,2.0,6.0,2.0,6.95,0,0,FALSE
lucene,2.4,org.apache.lucene.queryParser.QueryParserConstants,1,1,0,2,1,0,2,0,0,2,179,0,0,0,0,0,0,140,0,0,82,4.0,36.0,0,1.0,3.0,2.0,7.63,0,0,FALSE
lucene,2.4,org.apache.lucene.index.CharBlockPool,3,1,0,5,7,0,4,1,3,0.357142857,106,0.142857143,1,0,0.666666667,0,0,32,2,1,30,2.0,67.0,0,3.0,7.0,2.0,4.31,0,0,FALSE
lucene,2.4,org.apache.lucene.search.BooleanClause,10,1,0,7,18,0,6,2,10,0.333333333,104,1,2,0,0.375,1,1,9.2,4,1.4,7,2.0,39.0,0,1.0,6.0,4.0,2.18,0,0,FALSE
lucene,2.4,org.apache.lucene.store.SingleInstanceLock,5,2,0,2,12,0,1,1,5,0.125,82,0.5,0,0.5,0.466666667,1,2,15,1,0.8,70,2.0,11.0,0,2.0,6.0,4.0,7.7,0,0,FALSE
lucene,2.4,org.apache.lucene.index.SegmentTermVector,8,1,1,4,15,0,3,1,7,0.571428571,133,1,0,0,0.35,0,0,15.25,4,1.75,8,2.0,63.0,0,1.0,6.0,2.0,3.91,0,0,FALSE
lucene,2.4,org.apache.lucene.index.FreqProxFieldMergeState,5,1,0,10,16,0,1,9,2,0.75,238,0.142857143,6,0,0.416666667,0,0,43.8,1,0.6,31,3.0,29.0,0,3.0,1.0,2.0,2.49,0,0,FALSE
lucene,2.4,org.apache.lucene.search.SpanFilterResult,5,1,0,4,6,0,3,1,5,0.666666667,35,1,1,0,0.45,0,0,5.4,1,0.6,56,3.0,25.0,0,3.0,6.0,1.0,4.51,0,0,FALSE
lucene,2.4,org.apache.lucene.store.RAMInputStream,8,2,0,3,17,0,1,2,6,0.5,236,0.875,1,0.708333333,0.270833333,1,4,27.5,2,1,13,2.0,38.0,0,2.0,4.0,1.0,3.35,0,0,FALSE
lucene,2.4,org.apache.lucene.store.LockReleaseFailedException,1,4,0,2,2,0,2,0,1,2,5,0,0,1,1,0,0,4,0,0,32,1.0,48.0,0,3.0,5.0,2.0,3.22,0,0,FALSE
lucene,2.4,org.apache.lucene.index.DocFieldConsumersPerThread,7,2,0,9,19,0,2,9,5,0.694444444,146,0,4,0.444444444,0.277777778,0,0,19,3,1,39,2.0,17.0,0,1.0,4.0,5.0,1.99,0,0,FALSE
lucene,2.4,org.apache.lucene.store.AlreadyClosedException,1,5,0,5,2,0,5,0,1,2,5,0,0,1,1,0,0,4,0,0,17,3.0,45.0,0,3.0,6.0,2.0,4.99,0,0,FALSE
lucene,2.4,org.apache.lucene.search.HitIterator,5,1,0,2,10,0,1,2,4,0.375,60,1,1,0,0.6,0,0,10.6,2,1.2,15,4.0,14.0,0,2.0,2.0,1.0,5.12,0,0,FALSE
